label,requested_key,matched_key,uid,chain_id,resseq,icode,resname
predicted,A:123,A:123,A:123:_:LEU:ATOM,A,123,,LEU
predicted,A:124,A:124,A:124:_:LEU:ATOM,A,124,,LEU
predicted,A:125,A:125,A:125:_:TRP:ATOM,A,125,,TRP
predicted,A:126,A:126,A:126:_:SER:ATOM,A,126,,SER
predicted,A:127,A:127,A:127:_:ARG:ATOM,A,127,,ARG
predicted,A:129,A:129,A:129:_:LYS:ATOM,A,129,,LYS
predicted,A:145,A:145,A:145:_:LEU:ATOM,A,145,,LEU
predicted,A:146,A:146,A:146:_:GLU:ATOM,A,146,,GLU
predicted,A:155,A:155,A:155:_:ASP:ATOM,A,155,,ASP
predicted,A:156,A:156,A:156:_:ASP:ATOM,A,156,,ASP
predicted,A:157,A:157,A:157:_:LEU:ATOM,A,157,,LEU
predicted,A:158,A:158,A:158:_:THR:ATOM,A,158,,THR
predicted,A:173,A:173,A:173:_:CYS:ATOM,A,173,,CYS
predicted,A:174,A:174,A:174:_:PRO:ATOM,A,174,,PRO
predicted,A:175,A:175,A:175:_:ASP:ATOM,A,175,,ASP
predicted,A:176,A:176,A:176:_:TRP:ATOM,A,176,,TRP
predicted,A:183,A:183,A:183:_:ASN:ATOM,A,183,,ASN
predicted,A:185,A:185,A:185:_:VAL:ATOM,A,185,,VAL
predicted,A:186,A:186,A:186:_:SER:ATOM,A,186,,SER
predicted,A:189,A:189,A:189:_:TRP:ATOM,A,189,,TRP
predicted,A:193,A:193,A:193:_:SER:ATOM,A,193,,SER
predicted,A:221,A:221,A:221:_:THR:ATOM,A,221,,THR
predicted,A:222,A:222,A:222:_:PHE:ATOM,A,222,,PHE
predicted,A:226,A:226,A:226:_:GLN:ATOM,A,226,,GLN
predicted,A:52,A:52,A:52:_:GLY:ATOM,A,52,,GLY
predicted,A:53,A:53,A:53:_:PRO:ATOM,A,53,,PRO
